{
    "customdata": {
        "config":"./data/CustomData.yaml",
        "train":"train",
        "test":"test",
        "usage": "test"
    },
    "shapenet": {
        "config": "./data/ShapeNet-55.yaml",
        "train": "train",
        "test": "test",
        "usage": "train"
    },
    "modelnet40": {
        "config": "./data/ModelNet40.yaml",
        "train": "train",
        "test": "test",
        "usage": "test"
    },
    "objaverse_lvis_colored": {
        "config": "./data/Objaverse_Lvis_Colored.yaml",
        "train": "train",
        "test": "test",
        "usage": "train"
    }
}